-- Вставка даних у таблицю ресурсів
INSERT INTO Resources (resource_id, resource_name) VALUES
(1, 'Ресурс 1'), (2, 'Ресурс 2'), (3, 'Ресурс 3'),
(4, 'Ресурс 4'), (5, 'Ресурс 5'), (6, 'Ресурс 6'), (7, 'Ресурс 7');

-- Вставка даних у таблицю продукції
INSERT INTO Products (product_id, product_name) VALUES
(1, 'Продукція 1'), (2, 'Продукція 2'), (3, 'Продукція 3'), (4, 'Продукція 4');

-- Вставка даних у таблицю технологічної карти
INSERT INTO TechMap (product_id, resource_id, quantity_required) VALUES
(1, 1, 2), (1, 2, 2), (1, 5, 6),
(2, 1, 4), (2, 4, 3), (2, 6, 1), (2, 7, 2),
(3, 3, 3), (3, 5, 3), (3, 6, 1),
(4, 2, 5), (4, 4, 4), (4, 5, 3), (4, 7, 5);

-- Вставка даних у таблицю замовлень
INSERT INTO Orders (order_id, order_date) VALUES
(1, '2007-01-11'), (2, '2007-01-12'), (3, '2007-01-13'),
(4, '2007-01-14'), (5, '2007-01-15');

-- Вставка даних у таблицю деталей замовлень
INSERT INTO OrderDetails (order_id, resource_id, quantity_ordered) VALUES
(1, 1, 30), (1, 2, 150), (1, 3, 20), (1, 4, 100), (1, 5, 50), (1, 6, 10), (1, 7, 85),
(2, 1, 15), (2, 3, 20), (2, 4, 15), (2, 5, 10), (2, 7, 15),
(3, 1, 10), (3, 2, 50), (3, 5, 15), (3, 6, 10), (3, 7, 20),
(4, 2, 20), (4, 4, 15), (4, 5, 15), (4, 6, 5),
(5, 1, 15), (5, 2, 15), (5, 3, 25), (5, 4, 20), (5, 5, 20);

-- Вставка даних у таблицю продажів
INSERT INTO Sales (sale_id, sale_date) VALUES
(1, '2007-01-12'), (2, '2007-01-12'), (3, '2007-01-13'),
(4, '2007-01-13'), (5, '2007-01-13'), (6, '2007-01-13'),
(7, '2007-01-14'), (8, '2007-01-14'), (9, '2007-01-15'),
(10, '2007-01-15'), (11, '2007-01-15'), (12, '2007-01-15'),
(13, '2007-01-15'), (14, '2007-01-16'), (15, '2007-01-16');


-- Вставка даних у таблицю деталей продажів
INSERT INTO SaleDetails (sale_id, product_id, quantity_sold) VALUES
(1, 1, 1), (1, 3, 2), (2, 2, 2), (2, 4, 1),
(3, 2, 1), (3, 3, 2), (4, 4, 2), (4, 1, 3),
(5, 3, 1), (5, 2, 2), (6, 4, 3), (6, 1, 1),
(7, 3, 2), (8, 4, 3), (8, 3, 2),
(9, 2, 1), (10, 1, 1), (11, 4, 1), (11, 2, 2),
(12, 3, 2), (12, 2, 1), (13, 4, 3), (13, 1, 2),
(14, 3, 3), (15, 4, 2), (15, 3, 1);